{
  "classname": null,
  "name": null,
  "animation": {
    "classname": null,
    "name": "AnimationManager",
    "actionlist": []
  },
  "dataScale": 1,
  "designHeight": 590,
  "designWidth": 760,
  "textures": [],
  "texturesPng": [
    "empty1Btn1.png",
    "empty1Btn2.png",
    "empty1Btn3.png"
  ],
  "version": "1.5.0.1",
  "widgetTree": {
    "classname": "Panel",
    "name": null,
    "children": [
      {
        "classname": "Label",
        "name": null,
        "children": [],
        "options": {
          "__type": "LabelSurrogate:#EditorCommon.JsonModel.Component.GUI",
          "classname": "Label",
          "name": "serverLabel",
          "ZOrder": 1,
          "actiontag": 126,
          "anchorPointX": 0.5,
          "anchorPointY": 0.5,
          "classType": "CocoStudio.EngineAdapterWrap.CSLabel",
          "colorB": 255,
          "colorG": 255,
          "colorR": 255,
          "customProperty": "",
          "flipX": false,
          "flipY": false,
          "height": 27,
          "ignoreSize": true,
          "layoutParameter": null,
          "opacity": 255,
          "positionPercentX": 0.325,
          "positionPercentY": 0.688135564,
          "positionType": 0,
          "rotation": 0,
          "scaleX": 1,
          "scaleY": 1,
          "sizePercentX": 0.105263159,
          "sizePercentY": 0.04576271,
          "sizeType": 0,
          "tag": 39,
          "touchAble": false,
          "useMergedTexture": false,
          "visible": true,
          "width": 80,
          "x": 247,
          "y": 406,
          "areaHeight": 0,
          "areaWidth": 0,
          "fontFile": null,
          "fontName": "微软雅黑",
          "fontSize": 20,
          "hAlignment": 0,
          "text": "服务器：",
          "touchScaleEnable": false,
          "vAlignment": 0
        }
      },
      {
        "classname": "TextField",
        "name": null,
        "children": [],
        "options": {
          "__type": "TextFieldSurrogate:#EditorCommon.JsonModel.Component.GUI",
          "classname": "TextField",
          "name": "serverText",
          "ZOrder": 2,
          "actiontag": 131,
          "anchorPointX": 0,
          "anchorPointY": 0.5,
          "classType": "CocoStudio.EngineAdapterWrap.CSTextField",
          "colorB": 0,
          "colorG": 255,
          "colorR": 0,
          "customProperty": "",
          "flipX": false,
          "flipY": false,
          "height": 27,
          "ignoreSize": true,
          "layoutParameter": null,
          "opacity": 255,
          "positionPercentX": 0.377631575,
          "positionPercentY": 0.688135564,
          "positionType": 0,
          "rotation": 0,
          "scaleX": 1,
          "scaleY": 1,
          "sizePercentX": 0.353947371,
          "sizePercentY": 0.04576271,
          "sizeType": 0,
          "tag": 44,
          "touchAble": true,
          "useMergedTexture": false,
          "visible": true,
          "width": 269,
          "x": 287,
          "y": 406,
          "areaHeight": 0,
          "areaWidth": 0,
          "fontFile": null,
          "fontName": "微软雅黑",
          "fontSize": 20,
          "maxLength": 6,
          "maxLengthEnable": false,
          "passwordEnable": false,
          "passwordStyleText": "*",
          "placeHolder": "test1.app34650.twsapp.com！！！！",
          "text": "test1.app34650.twsapp.com"
        }
      },
      {
        "classname": "Label",
        "name": null,
        "children": [],
        "options": {
          "__type": "LabelSurrogate:#EditorCommon.JsonModel.Component.GUI",
          "classname": "Label",
          "name": "portLabel",
          "ZOrder": 2,
          "actiontag": 127,
          "anchorPointX": 0.5,
          "anchorPointY": 0.5,
          "classType": "CocoStudio.EngineAdapterWrap.CSLabel",
          "colorB": 255,
          "colorG": 255,
          "colorR": 255,
          "customProperty": "",
          "flipX": false,
          "flipY": false,
          "height": 27,
          "ignoreSize": true,
          "layoutParameter": null,
          "opacity": 255,
          "positionPercentX": 0.3381579,
          "positionPercentY": 0.6338983,
          "positionType": 0,
          "rotation": 0,
          "scaleX": 1,
          "scaleY": 1,
          "sizePercentX": 0.0789473653,
          "sizePercentY": 0.04576271,
          "sizeType": 0,
          "tag": 40,
          "touchAble": false,
          "useMergedTexture": false,
          "visible": true,
          "width": 60,
          "x": 257,
          "y": 374,
          "areaHeight": 0,
          "areaWidth": 0,
          "fontFile": null,
          "fontName": "微软雅黑",
          "fontSize": 20,
          "hAlignment": 0,
          "text": "端口：",
          "touchScaleEnable": false,
          "vAlignment": 0
        }
      },
      {
        "classname": "TextField",
        "name": null,
        "children": [],
        "options": {
          "__type": "TextFieldSurrogate:#EditorCommon.JsonModel.Component.GUI",
          "classname": "TextField",
          "name": "portText",
          "ZOrder": 2,
          "actiontag": 132,
          "anchorPointX": 0,
          "anchorPointY": 0.5,
          "classType": "CocoStudio.EngineAdapterWrap.CSTextField",
          "colorB": 0,
          "colorG": 255,
          "colorR": 0,
          "customProperty": "",
          "flipX": false,
          "flipY": false,
          "height": 27,
          "ignoreSize": true,
          "layoutParameter": null,
          "opacity": 255,
          "positionPercentX": 0.377631575,
          "positionPercentY": 0.6338983,
          "positionType": 0,
          "rotation": 0,
          "scaleX": 1,
          "scaleY": 1,
          "sizePercentX": 0.06315789,
          "sizePercentY": 0.04576271,
          "sizeType": 0,
          "tag": 45,
          "touchAble": true,
          "useMergedTexture": false,
          "visible": true,
          "width": 48,
          "x": 287,
          "y": 374,
          "areaHeight": 0,
          "areaWidth": 0,
          "fontFile": null,
          "fontName": "微软雅黑",
          "fontSize": 20,
          "maxLength": 6,
          "maxLengthEnable": false,
          "passwordEnable": false,
          "passwordStyleText": "*",
          "placeHolder": "test1.app34650.twsapp.com！！！！",
          "text": "8001"
        }
      },
      {
        "classname": "Label",
        "name": null,
        "children": [],
        "options": {
          "__type": "LabelSurrogate:#EditorCommon.JsonModel.Component.GUI",
          "classname": "Label",
          "name": "openIdLabel",
          "ZOrder": 2,
          "actiontag": 128,
          "anchorPointX": 0.5,
          "anchorPointY": 0.5,
          "classType": "CocoStudio.EngineAdapterWrap.CSLabel",
          "colorB": 255,
          "colorG": 255,
          "colorR": 255,
          "customProperty": "",
          "flipX": false,
          "flipY": false,
          "height": 27,
          "ignoreSize": true,
          "layoutParameter": null,
          "opacity": 255,
          "positionPercentX": 0.315789461,
          "positionPercentY": 0.579661,
          "positionType": 0,
          "rotation": 0,
          "scaleX": 1,
          "scaleY": 1,
          "sizePercentX": 0.122368418,
          "sizePercentY": 0.04576271,
          "sizeType": 0,
          "tag": 41,
          "touchAble": false,
          "useMergedTexture": false,
          "visible": true,
          "width": 93,
          "x": 240,
          "y": 342,
          "areaHeight": 0,
          "areaWidth": 0,
          "fontFile": null,
          "fontName": "微软雅黑",
          "fontSize": 20,
          "hAlignment": 0,
          "text": "OpenID：",
          "touchScaleEnable": false,
          "vAlignment": 0
        }
      },
      {
        "classname": "TextField",
        "name": null,
        "children": [],
        "options": {
          "__type": "TextFieldSurrogate:#EditorCommon.JsonModel.Component.GUI",
          "classname": "TextField",
          "name": "openIdText",
          "ZOrder": 2,
          "actiontag": 133,
          "anchorPointX": 0,
          "anchorPointY": 0.5,
          "classType": "CocoStudio.EngineAdapterWrap.CSTextField",
          "colorB": 255,
          "colorG": 255,
          "colorR": 255,
          "customProperty": "",
          "flipX": false,
          "flipY": false,
          "height": 27,
          "ignoreSize": true,
          "layoutParameter": null,
          "opacity": 255,
          "positionPercentX": 0.377631575,
          "positionPercentY": 0.579661,
          "positionType": 0,
          "rotation": 0,
          "scaleX": 1,
          "scaleY": 1,
          "sizePercentX": 0.0947368443,
          "sizePercentY": 0.04576271,
          "sizeType": 0,
          "tag": 46,
          "touchAble": true,
          "useMergedTexture": false,
          "visible": true,
          "width": 72,
          "x": 287,
          "y": 342,
          "areaHeight": 0,
          "areaWidth": 0,
          "fontFile": null,
          "fontName": "微软雅黑",
          "fontSize": 20,
          "maxLength": 6,
          "maxLengthEnable": false,
          "passwordEnable": false,
          "passwordStyleText": "*",
          "placeHolder": "test1.app34650.twsapp.com！！！！",
          "text": "222123"
        }
      },
      {
        "classname": "Label",
        "name": null,
        "children": [],
        "options": {
          "__type": "LabelSurrogate:#EditorCommon.JsonModel.Component.GUI",
          "classname": "Label",
          "name": "openKeyLabel",
          "ZOrder": 2,
          "actiontag": 129,
          "anchorPointX": 0.5,
          "anchorPointY": 0.5,
          "classType": "CocoStudio.EngineAdapterWrap.CSLabel",
          "colorB": 255,
          "colorG": 255,
          "colorR": 255,
          "customProperty": "",
          "flipX": false,
          "flipY": false,
          "height": 27,
          "ignoreSize": true,
          "layoutParameter": null,
          "opacity": 255,
          "positionPercentX": 0.306578934,
          "positionPercentY": 0.5254237,
          "positionType": 0,
          "rotation": 0,
          "scaleX": 1,
          "scaleY": 1,
          "sizePercentX": 0.140789479,
          "sizePercentY": 0.04576271,
          "sizeType": 0,
          "tag": 42,
          "touchAble": false,
          "useMergedTexture": false,
          "visible": true,
          "width": 107,
          "x": 233,
          "y": 310,
          "areaHeight": 0,
          "areaWidth": 0,
          "fontFile": null,
          "fontName": "微软雅黑",
          "fontSize": 20,
          "hAlignment": 0,
          "text": "OpenKey：",
          "touchScaleEnable": false,
          "vAlignment": 0
        }
      },
      {
        "classname": "TextField",
        "name": null,
        "children": [],
        "options": {
          "__type": "TextFieldSurrogate:#EditorCommon.JsonModel.Component.GUI",
          "classname": "TextField",
          "name": "openKeyText",
          "ZOrder": 2,
          "actiontag": 134,
          "anchorPointX": 0,
          "anchorPointY": 0.5,
          "classType": "CocoStudio.EngineAdapterWrap.CSTextField",
          "colorB": 255,
          "colorG": 255,
          "colorR": 255,
          "customProperty": "",
          "flipX": false,
          "flipY": false,
          "height": 27,
          "ignoreSize": true,
          "layoutParameter": null,
          "opacity": 255,
          "positionPercentX": 0.377631575,
          "positionPercentY": 0.5254237,
          "positionType": 0,
          "rotation": 0,
          "scaleX": 1,
          "scaleY": 1,
          "sizePercentX": 0.06315789,
          "sizePercentY": 0.04576271,
          "sizeType": 0,
          "tag": 47,
          "touchAble": true,
          "useMergedTexture": false,
          "visible": true,
          "width": 48,
          "x": 287,
          "y": 310,
          "areaHeight": 0,
          "areaWidth": 0,
          "fontFile": null,
          "fontName": "微软雅黑",
          "fontSize": 20,
          "maxLength": 6,
          "maxLengthEnable": false,
          "passwordEnable": false,
          "passwordStyleText": "*",
          "placeHolder": "test1.app34650.twsapp.com！！！！",
          "text": "guyu"
        }
      },
      {
        "classname": "Label",
        "name": null,
        "children": [],
        "options": {
          "__type": "LabelSurrogate:#EditorCommon.JsonModel.Component.GUI",
          "classname": "Label",
          "name": "pfLabel",
          "ZOrder": 2,
          "actiontag": 130,
          "anchorPointX": 0.5,
          "anchorPointY": 0.5,
          "classType": "CocoStudio.EngineAdapterWrap.CSLabel",
          "colorB": 255,
          "colorG": 255,
          "colorR": 255,
          "customProperty": "",
          "flipX": false,
          "flipY": false,
          "height": 27,
          "ignoreSize": true,
          "layoutParameter": null,
          "opacity": 255,
          "positionPercentX": 0.3513158,
          "positionPercentY": 0.471186429,
          "positionType": 0,
          "rotation": 0,
          "scaleX": 1,
          "scaleY": 1,
          "sizePercentX": 0.05263158,
          "sizePercentY": 0.04576271,
          "sizeType": 0,
          "tag": 43,
          "touchAble": false,
          "useMergedTexture": false,
          "visible": true,
          "width": 40,
          "x": 267,
          "y": 278,
          "areaHeight": 0,
          "areaWidth": 0,
          "fontFile": null,
          "fontName": "微软雅黑",
          "fontSize": 20,
          "hAlignment": 0,
          "text": "pf：",
          "touchScaleEnable": false,
          "vAlignment": 0
        }
      },
      {
        "classname": "TextField",
        "name": null,
        "children": [],
        "options": {
          "__type": "TextFieldSurrogate:#EditorCommon.JsonModel.Component.GUI",
          "classname": "TextField",
          "name": "pfText",
          "ZOrder": 2,
          "actiontag": 135,
          "anchorPointX": 0,
          "anchorPointY": 0.5,
          "classType": "CocoStudio.EngineAdapterWrap.CSTextField",
          "colorB": 255,
          "colorG": 255,
          "colorR": 255,
          "customProperty": "",
          "flipX": false,
          "flipY": false,
          "height": 27,
          "ignoreSize": true,
          "layoutParameter": null,
          "opacity": 255,
          "positionPercentX": 0.377631575,
          "positionPercentY": 0.471186429,
          "positionType": 0,
          "rotation": 0,
          "scaleX": 1,
          "scaleY": 1,
          "sizePercentX": 0.114473686,
          "sizePercentY": 0.04576271,
          "sizeType": 0,
          "tag": 48,
          "touchAble": true,
          "useMergedTexture": false,
          "visible": true,
          "width": 87,
          "x": 287,
          "y": 278,
          "areaHeight": 0,
          "areaWidth": 0,
          "fontFile": null,
          "fontName": "微软雅黑",
          "fontSize": 20,
          "maxLength": 6,
          "maxLengthEnable": false,
          "passwordEnable": false,
          "passwordStyleText": "*",
          "placeHolder": "test1.app34650.twsapp.com！！！！",
          "text": "mainweb"
        }
      },
      {
        "classname": "Button",
        "name": null,
        "children": [],
        "options": {
          "__type": "ButtonSurrogate:#EditorCommon.JsonModel.Component.GUI",
          "classname": "Button",
          "name": "confirmBtn",
          "ZOrder": 2,
          "actiontag": 136,
          "anchorPointX": 0.5,
          "anchorPointY": 0.5,
          "classType": "CocoStudio.EngineAdapterWrap.CSButton",
          "colorB": 255,
          "colorG": 255,
          "colorR": 255,
          "customProperty": "",
          "flipX": false,
          "flipY": false,
          "height": 41,
          "ignoreSize": true,
          "layoutParameter": null,
          "opacity": 255,
          "positionPercentX": 0.489473671,
          "positionPercentY": 0.284745753,
          "positionType": 0,
          "rotation": 0,
          "scaleX": 1,
          "scaleY": 1,
          "sizePercentX": 0.164473683,
          "sizePercentY": 0.06949153,
          "sizeType": 0,
          "tag": 49,
          "touchAble": true,
          "useMergedTexture": false,
          "visible": true,
          "width": 125,
          "x": 372,
          "y": 168,
          "capInsetsHeight": 0,
          "capInsetsWidth": 0,
          "capInsetsX": 0,
          "capInsetsY": 0,
          "disabled": null,
          "disabledData": {
            "path": "empty1Btn3.png",
            "plistFile": "",
            "resourceType": 0
          },
          "fontName": "微软雅黑",
          "fontSize": 16,
          "fontType": 0,
          "normal": null,
          "normalData": {
            "path": "empty1Btn1.png",
            "plistFile": "",
            "resourceType": 0
          },
          "pressed": null,
          "pressedData": {
            "path": "empty1Btn2.png",
            "plistFile": "",
            "resourceType": 0
          },
          "scale9Enable": false,
          "scale9Height": 41,
          "scale9Width": 125,
          "text": "连接服务器",
          "textColorB": 255,
          "textColorG": 255,
          "textColorR": 255
        }
      }
    ],
    "options": {
      "__type": "PanelSurrogate:#EditorCommon.JsonModel.Component.GUI",
      "classname": "Panel",
      "name": "testLoginPanel",
      "ZOrder": 0,
      "actiontag": -1,
      "anchorPointX": 0,
      "anchorPointY": 0,
      "classType": "CocoStudio.EngineAdapterWrap.CSPanel",
      "colorB": 255,
      "colorG": 255,
      "colorR": 255,
      "customProperty": "",
      "flipX": false,
      "flipY": false,
      "height": 590,
      "ignoreSize": false,
      "layoutParameter": null,
      "opacity": 255,
      "positionPercentX": 0,
      "positionPercentY": 0,
      "positionType": 0,
      "rotation": 0,
      "scaleX": 1,
      "scaleY": 1,
      "sizePercentX": 1,
      "sizePercentY": 1,
      "sizeType": 0,
      "tag": 37,
      "touchAble": false,
      "useMergedTexture": false,
      "visible": true,
      "width": 760,
      "x": 0,
      "y": 0,
      "adaptScreen": false,
      "backGroundImage": null,
      "backGroundImageData": null,
      "backGroundScale9Enable": false,
      "bgColorB": 255,
      "bgColorG": 200,
      "bgColorOpacity": 0,
      "bgColorR": 150,
      "bgEndColorB": 255,
      "bgEndColorG": 200,
      "bgEndColorR": 150,
      "bgStartColorB": 255,
      "bgStartColorG": 255,
      "bgStartColorR": 255,
      "capInsetsHeight": 0,
      "capInsetsWidth": 0,
      "capInsetsX": 0,
      "capInsetsY": 0,
      "clipAble": false,
      "colorType": 1,
      "layoutType": 0,
      "vectorX": 0,
      "vectorY": -0.5
    }
  }
}